Category,Population,Unique_Individuals,Annual_Risk_Pct
Ultra-Policed,134522,13554,0.9611231191245274
Highly Policed,310952,13373,0.4102422150109977
Normally Policed,1574964,6509,0.03942289365773373
