Category,Drug_Per_1000_Annual
Ultra-Policed,3.7242279929482205
Highly Policed,1.64704288670758
Normally Policed,0.16231887387114208
